timestamp,temperature,humidity,energy_consumption
2023-01-01 00:00:00,28.22291503102908,26.374678314018347,188.99684966550194
2023-01-01 01:00:00,-7.815168121767667,43.713180435085775,187.98685736268445
2023-01-01 02:00:00,17.319632497082363,30.460579897867763,196.38591096975077
2023-01-01 03:00:00,0.017216639544129775,88.3030583200147,140.06398993438597
2023-01-01 04:00:00,32.509076640377,74.61615722417895,355.6712707178759
2023-01-01 05:00:00,1.0246906398561877,72.69153098796994,365.82158053203517
2023-01-01 06:00:00,18.893832305911655,56.80718698193759,415.4862597362627
2023-01-01 07:00:00,-2.9130647387468227,78.62154191306158,468.26873715532116
2023-01-01 08:00:00,-8.078073477935659,23.43154349575494,386.9191484421547
2023-01-01 09:00:00,34.366667921264025,66.19697415332631,285.8252873878167
2023-01-01 10:00:00,31.40833720762593,60.62286929383777,248.2404103790199
2023-01-01 11:00:00,5.542350701555656,53.84404925729575,164.3566470663685
2023-01-01 12:00:00,13.375541639562469,84.49533971686398,290.2493509225115
2023-01-01 13:00:00,-2.151776284328457,74.82689977037455,416.302593823836
2023-01-01 14:00:00,34.22187394800662,18.72748573213819,169.2701316879515
2023-01-01 15:00:00,24.260480194837722,60.05540364125156,186.904846371102
2023-01-01 16:00:00,22.978707480734954,70.08220277445969,312.9365710581927
2023-01-01 17:00:00,11.459810265688803,67.55953478763001,355.0786798262578
2023-01-01 18:00:00,18.944266029645373,55.58390563673957,194.57808341145034
2023-01-01 19:00:00,33.024413416276424,40.249765117601825,225.1473953652678
2023-01-01 20:00:00,-6.364854120282342,28.931358690889013,400.046606151309
2023-01-01 21:00:00,22.279511770206387,74.76034015767674,373.505040501997
2023-01-01 22:00:00,-5.350537417889457,89.75439384889975,438.3730986300598
2023-01-01 23:00:00,31.607567338039452,60.93387796876912,263.9480475792953
2023-01-02 00:00:00,34.78580285012545,70.00312335270243,231.5494947526417
2023-01-02 01:00:00,1.6565933429130142,34.66323302453449,248.25344537021533
2023-01-02 02:00:00,6.254165133126587,29.76261396803978,468.0031011400287
2023-01-02 03:00:00,2.2948260110941288,80.87027224934329,122.29818888924942
2023-01-02 04:00:00,10.629853513602212,52.18769174098316,485.5090676686126
2023-01-02 05:00:00,20.162478897036795,84.75422385242037,192.99265464050399
2023-01-02 06:00:00,14.985691404913215,81.64721354034091,219.06667027874084
2023-01-02 07:00:00,0.5646315216881559,87.55723174189852,142.18261258141976
2023-01-02 08:00:00,4.743078478008528,76.85971171351713,144.69951078584754
2023-01-02 09:00:00,-1.1636119954519013,27.96687806013945,123.2921790093211
2023-01-02 10:00:00,32.007341232527935,52.517507847971814,310.1460641940226
2023-01-02 11:00:00,25.959630080898535,36.123126412243856,323.8433597343076
2023-01-02 12:00:00,23.164292759369683,28.28580553439828,419.30799957563585
2023-01-02 13:00:00,31.073077046782558,35.041007304005525,410.7043166239236
2023-01-02 14:00:00,15.182502609011415,58.33412967787921,397.58279138237276
2023-01-02 15:00:00,14.797765400033123,17.663643859797567,131.09787223888924
2023-01-02 16:00:00,-8.47630895534655,34.87508093483069,331.590367696588
2023-01-02 17:00:00,-2.0121785052020567,37.294419386400754,227.0073355663397
2023-01-02 18:00:00,-1.480714209764179,48.75925298599998,231.03258578426932
2023-01-02 19:00:00,8.37102041192544,21.208715758525052,248.3728095595422
2023-01-02 20:00:00,-9.13935017708999,72.06967094260781,166.63119388457983
2023-01-02 21:00:00,28.5122796449829,57.22964985514957,311.842478219935
2023-01-02 22:00:00,32.83804678468738,68.99895664774998,138.59170582732116
2023-01-02 23:00:00,30.74637742470268,23.434879955317953,198.2612690625655
2023-01-03 00:00:00,23.076509460119883,41.1730224741907,349.05990243530175
2023-01-03 01:00:00,11.528616425262182,83.84406041077496,262.2752774946688
2023-01-03 02:00:00,24.77509194479898,63.24865043987636,248.20063023902566
2023-01-03 03:00:00,12.867815592952915,52.4870729439062,288.31123725466426
2023-01-03 04:00:00,-4.042126754863432,21.399698458149974,398.8704864304494
2023-01-03 05:00:00,11.142562912271062,67.91626691313546,261.8600939077984
2023-01-03 06:00:00,-5.7893047470740315,10.51805655704908,144.6000164808696
2023-01-03 07:00:00,22.397202910255796,38.39006092990619,166.5936527419821
2023-01-03 08:00:00,27.40420809271653,85.36801013413596,474.37522615915066
2023-01-03 09:00:00,-2.9434223993490543,78.32264536676479,284.4179517821096
2023-01-03 10:00:00,8.658175146389942,80.78180892390358,143.07314099944443
2023-01-03 11:00:00,29.163985076574683,62.25906179663859,233.34864961794804
2023-01-03 12:00:00,25.78970860861352,24.93642324186485,227.35631907750516
2023-01-03 13:00:00,29.06452772607468,25.662338658968125,247.81561029507375
2023-01-03 14:00:00,29.109844561178118,45.14436090344698,479.91651267932525
2023-01-03 15:00:00,19.40670682955854,33.01217315556058,163.3578795928166
2023-01-03 16:00:00,-3.1898648099400138,43.223666482482855,408.80405245186677
2023-01-03 17:00:00,-8.535515280265317,23.649405025182073,312.941982495351
2023-01-03 18:00:00,33.811770790463484,56.17865453197869,109.5692027628937
2023-01-03 19:00:00,13.518227361075171,69.07489496759945,148.8993218753453
2023-01-03 20:00:00,33.29061236382305,30.14427330636659,424.03474449789024
2023-01-03 21:00:00,-5.4523864887569395,39.009222129928524,297.10716336218536
2023-01-03 22:00:00,11.285009162696895,75.79277476627142,128.14803982814414
2023-01-03 23:00:00,-1.6480266700205477,32.066836675195994,340.0654532132926
2023-01-04 00:00:00,12.89415580983212,22.5095628612926,158.77446868491373
2023-01-04 01:00:00,25.052569534747903,57.67777548787901,379.56447887677854
2023-01-04 02:00:00,22.382246541366037,83.310045886754,312.91053555038934
2023-01-04 03:00:00,-2.745530379645895,54.64914371887201,254.6820837666468
2023-01-04 04:00:00,-5.521053620202013,26.305197099911652,424.75470380126546
2023-01-04 05:00:00,30.25769409362419,49.854862694680364,102.46009366788388
2023-01-04 06:00:00,19.818685581319745,33.39516219128438,108.8181604432056
2023-01-04 07:00:00,23.795391082208123,32.282503611363154,177.11626317903074
2023-01-04 08:00:00,29.150991209191996,44.4227488808872,224.39290397972792
2023-01-04 09:00:00,19.210616260070577,19.199116906656126,380.172690976587
2023-01-04 10:00:00,25.48692113852289,53.333955589588136,282.0335361265124
2023-01-04 11:00:00,32.19840750343876,53.93347388608277,388.59805224737096
2023-01-04 12:00:00,-3.769028656163014,28.745330742038078,222.43485296837875
2023-01-04 13:00:00,23.78325152848996,56.97890015052633,246.87481085515736
2023-01-04 14:00:00,0.1189012060554695,66.89429078179703,284.89768174813764
2023-01-04 15:00:00,-2.6673621418339173,61.1208259636289,353.4775847512589
2023-01-04 16:00:00,25.946512209256618,22.72348012939557,242.0387138507637
2023-01-04 17:00:00,3.6630500157368777,41.940223549986285,384.70460917160193
2023-01-04 18:00:00,15.984229505867148,28.312885460575146,145.38072035583318
2023-01-04 19:00:00,14.38235065209466,53.165732386717714,478.05935878349163
2023-01-04 20:00:00,4.79568581585313,83.62201743260492,394.10828070314295
2023-01-04 21:00:00,27.89250770157912,13.870655410394432,309.4833438789882
2023-01-04 22:00:00,23.519366381852333,34.793078438217925,167.0755007886296
2023-01-04 23:00:00,-2.502091639590416,89.04641426071943,162.31574400802208
2023-01-05 00:00:00,13.190186178815164,65.92520489006617,455.0280000329481
2023-01-05 01:00:00,13.019535676234522,44.8083626963402,363.12567546728775
2023-01-05 02:00:00,-3.73109106088509,11.549383906348085,224.86789325256447
2023-01-05 03:00:00,18.11713574853367,54.152030520289145,183.53600075944274
2023-01-05 04:00:00,-7.485244774179131,74.03795455422771,314.8712162615251
2023-01-05 05:00:00,-5.291285464674784,84.72462027660596,458.62317630370853
2023-01-05 06:00:00,27.78915811707793,10.384162159390842,295.74159337184784
2023-01-05 07:00:00,0.3741248130994873,66.40232973964737,127.75359122812335
2023-01-05 08:00:00,-3.0917235371133693,35.44986775109811,498.2767654016381
2023-01-05 09:00:00,6.951034086596124,86.48338695222797,477.67038048405976
2023-01-05 10:00:00,33.45711028958497,82.43372034241916,337.61791042181926
2023-01-05 11:00:00,16.918097090416392,19.43409085730014,425.1395855575278
2023-01-05 12:00:00,-4.175753909471146,31.74102945527632,357.185316722096
2023-01-05 13:00:00,15.180924465248873,41.15133763420437,164.39778160940796
2023-01-05 14:00:00,34.876597864860415,52.02164835191447,455.5231418823937
2023-01-05 15:00:00,-1.851342390402197,59.94252737078378,193.27989410546604
2023-01-05 16:00:00,-1.784125348397344,77.36439220442027,162.09648441487428
2023-01-05 17:00:00,27.4271157382523,48.63824515197344,498.7701066912224
2023-01-05 18:00:00,30.541714196563696,54.30025840299479,420.4283833005288
2023-01-05 19:00:00,-5.699139118995839,55.81944173216208,349.6583439184443
2023-01-05 20:00:00,28.099261506637472,49.96379435888634,384.6717776899992
2023-01-05 21:00:00,33.15607487685666,10.076877367717376,294.6408927156931
2023-01-05 22:00:00,-2.593740493888968,33.81792327625048,335.79455152549446
2023-01-05 23:00:00,28.803751331758974,78.20841823606776,381.01188138860226
2023-01-06 00:00:00,11.417313309837809,83.20796564014248,129.4017062621443
2023-01-06 01:00:00,-2.6213125730353397,30.945312552322576,423.5319257658906
2023-01-06 02:00:00,22.10068512582111,40.09828447632984,126.39932768323506
2023-01-06 03:00:00,33.9749740741953,69.385952937177,378.0351673464365
2023-01-06 04:00:00,34.630802577248616,53.68625672101554,267.4368646789461
2023-01-06 05:00:00,-1.3142055547731535,26.371649705578342,458.28215602847683
2023-01-06 06:00:00,26.35070695586634,55.58766543169858,306.23284158442954
2023-01-06 07:00:00,33.67664181713653,77.685500400303,200.43591612943095
2023-01-06 08:00:00,31.150602643545604,30.434790447386845,190.27497279533912
2023-01-06 09:00:00,23.291613535462027,76.05051691456259,480.23825238484727
2023-01-06 10:00:00,18.84092844235863,37.85957882149504,262.59651674057227
2023-01-06 11:00:00,7.123202402310563,35.72791736742757,191.93460461719357
2023-01-06 12:00:00,11.25216274715407,31.243222538639603,295.84382909706807
2023-01-06 13:00:00,-2.807913928127297,32.98146261677414,416.91388877797135
2023-01-06 14:00:00,-0.5856665661772253,74.09232552297239,454.62739958072984
2023-01-06 15:00:00,-8.901214741869111,72.0765809361167,336.80995973106434
2023-01-06 16:00:00,23.743781494497313,50.883200049361186,253.14580185459317
2023-01-06 17:00:00,21.463528397852162,25.62316852748299,108.07164770279738
2023-01-06 18:00:00,1.8206033853279542,62.442000269954015,370.33249110119584
2023-01-06 19:00:00,8.894607327547515,55.09186035144019,306.09883077951866
2023-01-06 20:00:00,-6.349399217505571,70.49682695352911,128.51943160102684
2023-01-06 21:00:00,8.97662466255703,32.68928870566947,164.83777623964087
2023-01-06 22:00:00,30.847729156861845,76.44614873183325,309.8075826009054
2023-01-06 23:00:00,-0.5068770687707536,70.44955834225453,472.68401793385215
2023-01-07 00:00:00,12.947336418963527,69.14621974853785,445.6716992751071
2023-01-07 01:00:00,33.44305324145768,82.76350054080281,410.3229714502895
2023-01-07 02:00:00,-3.9435016806456535,75.89619291074561,204.25228203747898
2023-01-07 03:00:00,27.73625417130177,33.79361547468002,124.55526059856714
2023-01-07 04:00:00,2.794584576669644,27.907082336421205,279.6942693944639
2023-01-07 05:00:00,9.437278000952901,26.477692656909618,461.08931628183353
2023-01-07 06:00:00,-4.514069511304763,36.110620435140476,404.157084702442
2023-01-07 07:00:00,9.965479134127367,63.419610111463626,190.77944382545672
2023-01-07 08:00:00,15.150378546885888,80.33186016906248,289.50335698861755
2023-01-07 09:00:00,15.620067531936964,34.8134473624502,224.14318873091284
2023-01-07 10:00:00,-6.591432045364174,89.50758804873524,106.83642231994513
2023-01-07 11:00:00,20.887629989757986,76.3007308370572,346.92605626543445
2023-01-07 12:00:00,7.306392782135482,14.089045239189044,333.43645191596283
2023-01-07 13:00:00,5.382296072251502,66.53298731506996,243.9904478489359
2023-01-07 14:00:00,29.756462419075223,24.853610308541924,224.9826251541095
2023-01-07 15:00:00,1.8215758812356269,63.13675872698732,291.4878187987708
2023-01-07 16:00:00,26.47944928857822,20.301592114874268,470.85312435114355
2023-01-07 17:00:00,25.455187256351632,33.22142491243898,327.5660144273756
2023-01-07 18:00:00,10.916833601153154,41.138579351440455,408.65510957537725
2023-01-07 19:00:00,19.417465550088316,30.453764471659497,288.1819893861236
2023-01-07 20:00:00,1.5056825207110651,16.197026278050597,382.9211715026264
2023-01-07 21:00:00,33.577689144474775,52.60965229186324,419.42458172123986
2023-01-07 22:00:00,29.116748148210814,81.78847055694857,223.55577043788196
2023-01-07 23:00:00,0.8247816242396988,25.740263692117217,183.79990781532905
2023-01-08 00:00:00,22.808936781706322,60.84098070743927,405.6207100403762
2023-01-08 01:00:00,28.38406799047058,25.86901331589516,468.5429208426386
2023-01-08 02:00:00,10.217269949099625,45.28203166795615,434.0762634686218
2023-01-08 03:00:00,28.687453151776253,79.63022574334639,118.73874056803206
2023-01-08 04:00:00,5.455801443140632,71.9660328514727,393.4747094467661
2023-01-08 05:00:00,-3.2242481450448257,10.374055115654768,266.44935402448596
2023-01-08 06:00:00,27.134717315702513,35.63954138374979,470.10979440100056
2023-01-08 07:00:00,7.315336507675714,62.62404290698782,189.0686234051691
2023-01-08 08:00:00,2.7274170560451028,88.63211298052934,149.7203625778332
2023-01-08 09:00:00,3.2672878089529194,15.87679807684343,380.98880912062003
2023-01-08 10:00:00,28.270754425086622,83.51708554599074,225.8806969730327
2023-01-08 11:00:00,13.919763574723088,51.02767056559497,258.35979614778324
2023-01-08 12:00:00,27.596842619857355,29.08761059054231,304.8792521015807
2023-01-08 13:00:00,31.227277341551336,78.47986226108459,449.39024575423423
2023-01-08 14:00:00,-7.5584867111903,18.570065323515568,416.9880005146852
2023-01-08 15:00:00,-9.926430423654933,65.91038973499523,333.8974810093652
2023-01-08 16:00:00,-9.311243572105402,33.25030914347565,165.83773611139284
2023-01-08 17:00:00,21.59565885258976,79.31882394478161,193.8248973365955
2023-01-08 18:00:00,-6.91250906018341,13.31020539663264,354.4299754501702
2023-01-08 19:00:00,28.738149533678133,56.724120972403156,266.833471963616
2023-01-08 20:00:00,2.577464191343364,80.8691669553346,111.42089865452593
2023-01-08 21:00:00,34.7536719173803,20.38388846669494,490.33491082752977
2023-01-08 22:00:00,-7.051775591887014,11.692537214306906,155.93061273326902
2023-01-08 23:00:00,8.5604614077254,29.68618700184555,471.16925573085075
2023-01-09 00:00:00,-1.5589603254714897,71.88711626368328,487.83472634028584
2023-01-09 01:00:00,14.089575727587322,63.46553067539404,383.0870003177794
2023-01-09 02:00:00,21.21912058055108,46.69141518270621,276.8576191157347
2023-01-09 03:00:00,8.146065910306826,62.365178220953084,437.65384909914775
2023-01-09 04:00:00,-7.880059634730499,34.48633612284716,155.51593884167892
2023-01-09 05:00:00,-5.33986746495884,78.84128761630934,209.75935622270555
2023-01-09 06:00:00,19.543960599469695,16.571620242490155,332.45380349527017
2023-01-09 07:00:00,-2.0803426960193647,20.095089656842006,448.92504978297444
2023-01-09 08:00:00,27.515226265553434,66.29351327039858,247.3801501657444
2023-01-09 09:00:00,26.286827300783948,31.53982531878426,324.5467356969531
2023-01-09 10:00:00,34.141743854721035,71.54604568925316,403.795449893302
2023-01-09 11:00:00,-8.018315496150406,22.111873048305853,147.41135503403893
2023-01-09 12:00:00,29.825162077641593,40.94167362950367,486.8803211115226
2023-01-09 13:00:00,28.720866542578822,88.51139931258275,310.01978464022375
2023-01-09 14:00:00,-0.5987119248044898,64.4167101107236,328.77011517398375
2023-01-09 15:00:00,33.806909491719225,63.94192398673351,392.0737683313827
2023-01-09 16:00:00,0.8659548817054918,86.56162907080574,168.23498918445387
2023-01-09 17:00:00,15.984048296897114,27.017805508702224,480.46640024104727
2023-01-09 18:00:00,14.547357066598579,30.68502232586073,139.22922365164388
2023-01-09 19:00:00,20.20562612497446,45.09382354326153,301.9662420091069
2023-01-09 20:00:00,6.913331081479461,69.63643891622999,157.59120079169375
2023-01-09 21:00:00,5.597817487882393,49.51587080591031,428.51847315965716
2023-01-09 22:00:00,3.5710908730237785,37.183823436777324,260.38444774251684
2023-01-09 23:00:00,11.540067724976318,45.74950797118409,144.49611484685866
2023-01-10 00:00:00,-2.1189162067554106,30.57946278659746,100.82046553193837
2023-01-10 01:00:00,11.580800841003706,70.72812632200336,206.1902190525861
2023-01-10 02:00:00,3.427371740837441,89.33622007961637,397.16621003927395
2023-01-10 03:00:00,-3.7862029072797516,52.759657509122306,426.6833845110801
2023-01-10 04:00:00,14.615811988770204,48.7072889189917,207.28315431536606
2023-01-10 05:00:00,6.362731068819098,39.381046035771334,445.9242970953856
2023-01-10 06:00:00,19.299723795686194,77.19103478314396,101.86848859611976
2023-01-10 07:00:00,4.346502729716745,64.77327171686348,430.89689279313114
2023-01-10 08:00:00,-7.113940282968328,76.34397070518966,221.66060141731467
2023-01-10 09:00:00,31.834411399984276,70.5164962592585,423.52048720055353
2023-01-10 10:00:00,26.381036276253337,43.72210096545777,170.67995015414556
2023-01-10 11:00:00,-1.0185762855963882,53.62400780122961,100.60757654604933
2023-01-10 12:00:00,21.577351116087993,78.30096878929213,242.31371962315927
2023-01-10 13:00:00,-6.691006309923843,40.29098279152482,200.2766774998952
2023-01-10 14:00:00,16.28652355376093,55.10868204642236,134.86092134491773
2023-01-10 15:00:00,-8.33892006934622,30.184933412953097,351.823133850258
2023-01-10 16:00:00,15.952748989930935,75.41882842887256,159.8757954998038
2023-01-10 17:00:00,9.092324798944635,62.543856973604704,491.23328527099255
2023-01-10 18:00:00,2.6075963525182546,19.0561468934626,153.40195372286658
2023-01-10 19:00:00,8.719321103184306,83.33076855221002,176.49124245845033
2023-01-10 20:00:00,32.59306602511127,64.90153694594875,404.75310941426824
2023-01-10 21:00:00,33.49498144705581,30.3848759868919,187.71179327716544
2023-01-10 22:00:00,10.350616368185465,51.500197744795614,199.41149338234106
2023-01-10 23:00:00,33.15553384685799,49.19755557317779,153.90388009156212
2023-01-11 00:00:00,16.941506013370937,52.15581995108931,370.8272374605378
2023-01-11 01:00:00,7.097179103768852,36.380275393393106,343.4549831493872
2023-01-11 02:00:00,34.95717340554371,57.30851517128475,378.9000769301576
2023-01-11 03:00:00,-6.5916775157829655,28.166124142840225,323.72024712878743
2023-01-11 04:00:00,5.94914904226361,28.46365136369478,161.2085568630275
2023-01-11 05:00:00,20.992215776610898,16.797718727755377,485.1726320675991
2023-01-11 06:00:00,18.905802977640462,65.37765112567814,389.2824133949442
2023-01-11 07:00:00,-6.605481778293146,65.28177143754162,335.3707968973521
2023-01-11 08:00:00,34.04733010004559,79.98858578327902,448.0637371504259
2023-01-11 09:00:00,24.024157887262497,49.36945031351948,167.73988769767948
2023-01-11 10:00:00,-7.588819336761728,51.34030567390789,284.84973997661234
2023-01-11 11:00:00,0.9863891949041137,18.803246325378808,334.95763274812947
2023-01-11 12:00:00,24.005872944674817,87.06306155324016,465.4235454583203
2023-01-11 13:00:00,29.90434775469919,66.57992225542755,165.7538386275912
2023-01-11 14:00:00,-3.9970903296251863,17.571767103221898,161.69061701059294
2023-01-11 15:00:00,28.891893015025413,65.18429812114897,462.60924410955386
2023-01-11 16:00:00,5.071351993960616,61.93658845259883,344.907594676181
2023-01-11 17:00:00,4.910044434702215,70.95704108004041,283.88355177253237
2023-01-11 18:00:00,34.843375491386745,62.83151447577318,422.4806272277914
2023-01-11 19:00:00,15.10610446245168,67.22474341740647,429.2113373991765
2023-01-11 20:00:00,1.505391893796761,46.018959066164136,410.8696653508985
2023-01-11 21:00:00,-2.7541644919016814,73.35385615398582,194.83108473553904
2023-01-11 22:00:00,28.900485165107305,11.86248987262914,440.8161162714268
2023-01-11 23:00:00,12.3841000132768,12.269734335807971,229.24015789307717
2023-01-12 00:00:00,27.276110815557622,79.41234123046507,268.563191175339
2023-01-12 01:00:00,10.304101812788877,11.508836456382241,496.5521185799184
2023-01-12 02:00:00,3.649736534425683,48.91858984985346,283.6987880403481
2023-01-12 03:00:00,20.199939749779183,21.370075229161092,475.63204921125146
2023-01-12 04:00:00,-3.798886884662287,65.94187211884736,119.2262959630701
2023-01-12 05:00:00,-8.726862461620993,36.157836224041695,363.0527288760082
2023-01-12 06:00:00,2.305876346890287,39.16546674460383,395.0979178384331
2023-01-12 07:00:00,-0.4245592726103087,38.11172782272883,350.71961492359145
2023-01-12 08:00:00,11.605620266461605,81.51673330065168,343.57413401028333
2023-01-12 09:00:00,-8.774668501454045,64.1892432236932,200.65270745702213
2023-01-12 10:00:00,-6.846534938550887,57.76020669993446,467.05176201508635
2023-01-12 11:00:00,8.49707415539896,82.32933525063588,408.5834375501048
2023-01-12 12:00:00,-5.4848927042437525,44.54485773551333,188.27949463871053
2023-01-12 13:00:00,-3.737038839218169,65.5905933344741,479.7614615377236
2023-01-12 14:00:00,-6.334105957912458,35.695230543975846,479.666696730831
2023-01-12 15:00:00,31.959614779482358,25.551743573457948,489.64294241944646
2023-01-12 16:00:00,-2.0949453506637052,20.61084808295858,484.569224085609
2023-01-12 17:00:00,6.251273343390991,16.629823157941264,427.14673608637685
2023-01-12 18:00:00,18.420255628349672,33.16965083170612,284.39309351371764
2023-01-12 19:00:00,5.713808163138302,23.88858401276476,154.5035880130681
2023-01-12 20:00:00,22.81029124224854,38.6603075351232,291.33659169811085
2023-01-12 21:00:00,6.452238937002431,57.09726399811303,237.83246959276036
2023-01-12 22:00:00,27.711771844361675,16.287267969782526,360.39762509865653
2023-01-12 23:00:00,26.443560396917032,21.300686268831093,268.00546688720283
2023-01-13 00:00:00,3.7937099502320057,74.36001258658065,117.00361606480824
2023-01-13 01:00:00,6.49635409044505,77.62600468968898,189.93190936182688
2023-01-13 02:00:00,21.995051519411405,38.666854510388156,160.10445727428063
2023-01-13 03:00:00,21.309716547070064,46.142489753203364,232.23210217279484
2023-01-13 04:00:00,21.542539426105588,40.49470989414721,390.2531924723853
2023-01-13 05:00:00,5.781207222500371,55.930659652854295,305.3392861380663
2023-01-13 06:00:00,30.34465294774626,65.18833686991039,260.4409928463258
2023-01-13 07:00:00,27.566637159446184,27.20597299943875,344.9989552233399
2023-01-13 08:00:00,15.697153887125873,40.812401984398036,307.2523349349739
2023-01-13 09:00:00,-8.370737553654388,47.06139294358357,370.6619559968982
2023-01-13 10:00:00,10.54335297737267,45.521444288292045,337.3225367816869
2023-01-13 11:00:00,28.574164644073253,55.02854333000257,361.7718591000872
2023-01-13 12:00:00,-4.68430576800163,64.26476004091211,206.2160582018651
2023-01-13 13:00:00,27.211237104505226,57.499436032424654,200.41239724520557
2023-01-13 14:00:00,5.971939731537029,88.84952416954769,217.47703030405057
2023-01-13 15:00:00,17.736285793664155,55.24054917020665,337.752939413018
2023-01-13 16:00:00,26.049227685556,57.37379840368155,266.0680733732076
2023-01-13 17:00:00,-9.06314448144996,38.05173113638076,204.73225836057378
2023-01-13 18:00:00,10.792799790332413,89.84313100139471,129.9860691372705
2023-01-13 19:00:00,3.936752886945793,21.429507111787053,349.88956665344705
2023-01-13 20:00:00,32.14756922165291,82.96958101363964,355.8800760128713
2023-01-13 21:00:00,-8.797940488303588,82.53126440515864,129.4273564043929
2023-01-13 22:00:00,8.431980525335183,22.52095667912405,165.30024703641155
2023-01-13 23:00:00,30.108709527857183,54.401208063045146,338.1012182060036
2023-01-14 00:00:00,5.934064417715807,23.87648316022191,435.7680453815552
2023-01-14 01:00:00,9.090934300306758,60.06903943008163,290.26882270687986
2023-01-14 02:00:00,-1.9049180421027119,10.812271528577,242.27790382005097
2023-01-14 03:00:00,4.479211695893331,75.83470001600105,413.4388693242932
2023-01-14 04:00:00,11.324966188087002,21.059342353986466,370.4902000427657
2023-01-14 05:00:00,-6.747140178665022,89.27922805718667,199.91533891935583
2023-01-14 06:00:00,-4.746985416540404,64.14275416151396,190.28844568005385
2023-01-14 07:00:00,-9.215563429432883,56.60190084438548,232.79666833054512
2023-01-14 08:00:00,6.724434751017107,48.95762801176897,138.55794460430744
2023-01-14 09:00:00,29.491873207325863,21.398339883545027,494.1021308574514
2023-01-14 10:00:00,-0.626689036279493,17.488338347041996,104.42233993366426
2023-01-14 11:00:00,-8.693000287364297,71.54450014242275,248.38933974840614
2023-01-14 12:00:00,30.51167258717123,46.78529712555668,430.5670303238771
2023-01-14 13:00:00,14.399414298472589,54.42498538618644,496.3104540055593
2023-01-14 14:00:00,9.714984355852952,29.301477734816856,486.8337028101136
2023-01-14 15:00:00,22.451059451209073,89.86378156085134,230.44902644141962
2023-01-14 16:00:00,-2.6697947413973817,88.69894944965431,402.99561280115273
2023-01-14 17:00:00,3.2614703351268655,16.25631796450054,219.01697970384717
2023-01-14 18:00:00,34.66539062994599,39.239597124112336,442.22795112228755
2023-01-14 19:00:00,0.25239880329291586,19.932261676852452,271.315142493565
2023-01-14 20:00:00,5.257177053518259,31.12987792397428,213.40412145704147
2023-01-14 21:00:00,30.27422734046587,42.38367822656207,220.48040431632666
2023-01-14 22:00:00,15.947260336490315,72.99927425928874,488.2291458708893
2023-01-14 23:00:00,29.32346546563258,68.9275129878387,380.9693449004239
2023-01-15 00:00:00,30.019609793800036,31.41193705074178,464.517809612361
2023-01-15 01:00:00,-9.00196933949186,58.02224909996353,393.6242163723295
2023-01-15 02:00:00,13.765938143459621,89.78781295773626,401.6546704245289
2023-01-15 03:00:00,-4.248956806360918,61.05331737859452,232.94012614285543
2023-01-15 04:00:00,-4.874645923007322,78.97316178543693,152.92138690503432
2023-01-15 05:00:00,29.436949786420403,11.276050775901396,375.93300558455
2023-01-15 06:00:00,6.209902947380479,52.17698052429009,351.502425566165
2023-01-15 07:00:00,22.054930486047244,63.323435678214615,143.1450123538289
2023-01-15 08:00:00,-4.211730817499377,73.39638057272101,169.6795071016735
2023-01-15 09:00:00,29.024490587767737,11.341682687449746,376.074875223292
2023-01-15 10:00:00,-9.61104201685484,79.97344833130276,378.37991087959483
2023-01-15 11:00:00,-7.04397035206201,85.2717125188016,290.2491721453993
2023-01-15 12:00:00,9.324002174725695,84.43941788336684,473.96844211773674
2023-01-15 13:00:00,7.676001504751345,10.344497642731696,124.73029108410118
2023-01-15 14:00:00,15.459390882929435,60.222239131813716,188.8102313467019
2023-01-15 15:00:00,-7.946435453999322,43.61614227573639,296.2872853618577
2023-01-15 16:00:00,24.057150373187653,53.19049414120141,460.55452509989203
2023-01-15 17:00:00,-0.7047056433593357,21.217655137584348,238.87154546971257
2023-01-15 18:00:00,-3.0982923036795134,67.95150054784676,498.9780890952018
2023-01-15 19:00:00,21.13178786818566,77.4296990032558,371.35937876704105
2023-01-15 20:00:00,16.397206192987795,28.31902230497665,182.64090758128248
2023-01-15 21:00:00,3.613192868479365,62.91504548496366,272.93522526266975
2023-01-15 22:00:00,15.162948230295406,37.54367394686309,219.42842537921086
2023-01-15 23:00:00,22.075756820777837,23.34553808190514,364.5666834376681
2023-01-16 00:00:00,28.833351687389513,89.2441248980717,278.7188118816639
2023-01-16 01:00:00,20.91680858669437,66.27179623154622,148.09296278062791
2023-01-16 02:00:00,15.17788449596089,35.026074887358895,402.162354314919
2023-01-16 03:00:00,27.265391198465093,64.97033049142429,228.83696915355404
2023-01-16 04:00:00,25.260888993944615,85.62470093087796,316.99680641999043
2023-01-16 05:00:00,26.692661339330837,45.93020091551816,463.57912162228587
2023-01-16 06:00:00,18.4138276079551,27.14069291507844,355.55609361619094
2023-01-16 07:00:00,28.21378658223917,48.866033893937654,394.5293298241845
2023-01-16 08:00:00,21.56010096198601,37.94457420594392,188.53935578470535
2023-01-16 09:00:00,7.879480508500002,11.817705509773528,157.45498916413476
2023-01-16 10:00:00,-3.3186990221570727,77.06770290660918,304.74394483036997
2023-01-16 11:00:00,1.9754744293488051,75.73064018050096,116.14774848823788
2023-01-16 12:00:00,4.644803459781979,38.16709202430452,467.8572373378534
2023-01-16 13:00:00,-0.26207746772088647,18.017442449450662,396.98032443631666
2023-01-16 14:00:00,-9.416854407215364,80.01860474070205,203.58958887656252
2023-01-16 15:00:00,11.576590896612263,78.83920483616058,379.0267532073793
2023-01-16 16:00:00,14.778353131730913,12.414675354801705,122.28779698559067
2023-01-16 17:00:00,32.26045091515718,87.7313822085764,113.50532815843178
2023-01-16 18:00:00,33.023181714265725,12.841145008698875,488.81385799784533
2023-01-16 19:00:00,11.343827650982973,54.309309304591935,108.6086484803877
2023-01-16 20:00:00,-3.187991409042902,52.61650713619903,124.4410143460112
2023-01-16 21:00:00,25.9363416638638,15.548350808255744,119.81396358879519
2023-01-16 22:00:00,29.816122250160145,71.70301417554425,425.89592059914304
2023-01-16 23:00:00,7.532628908478458,79.04050318278452,337.6171528491816
2023-01-17 00:00:00,15.93505686746399,83.88910258969288,207.7179450339732
2023-01-17 01:00:00,20.813888804733036,45.895276859367215,435.19427118049424
2023-01-17 02:00:00,-0.9286224364114876,41.23544930597746,366.36567243277807
2023-01-17 03:00:00,24.241259538167927,23.016469404078983,326.5733347849726
2023-01-17 04:00:00,-3.426826788890139,78.42208620856505,391.92004140692643
2023-01-17 05:00:00,24.067037958445315,75.35732911506068,330.0232948108077
2023-01-17 06:00:00,28.168793497826773,73.56171047409612,486.0746463088338
2023-01-17 07:00:00,23.443652077053155,87.06367412263938,279.7123313362332
2023-01-17 08:00:00,28.112884991211846,46.47143317252478,411.15865943549534
2023-01-17 09:00:00,22.617101305903176,14.865175676773745,210.99265362027867
2023-01-17 10:00:00,-2.3401444257944464,25.354493093818302,414.8908364006206
2023-01-17 11:00:00,33.0627199035011,37.98429888506138,459.056553201613
2023-01-17 12:00:00,22.926079133683942,60.35224325481047,250.08209998088492
2023-01-17 13:00:00,-6.943030023380809,64.86979297886445,348.9933552099936
2023-01-17 14:00:00,31.008866811167625,66.52121058803516,432.3015077933763
2023-01-17 15:00:00,22.584938323844924,60.10207319074149,379.96359960080076
2023-01-17 16:00:00,22.28832689674189,58.464103509991396,442.10312642997906
2023-01-17 17:00:00,4.540671584967658,22.780357402350113,266.49441259730804
2023-01-17 18:00:00,28.514477880603234,58.807752319522,410.0084467995765
2023-01-17 19:00:00,23.068676489187986,79.4824787667355,279.8853187456992
2023-01-17 20:00:00,6.3827228336930935,35.27374803426543,193.16550553454874
2023-01-17 21:00:00,27.65028658968801,24.666768694939762,332.5152771924496
2023-01-17 22:00:00,4.988780844953919,76.24570209849873,365.35482067784204
2023-01-17 23:00:00,22.71367090134746,23.893660778502365,371.1007770911314
2023-01-18 00:00:00,17.605382621207923,40.50821244303513,203.5560056421312
2023-01-18 01:00:00,27.74868569137768,62.438079168041014,229.87116651078168
2023-01-18 02:00:00,26.1508606704489,51.124049073779425,418.38764491953026
2023-01-18 03:00:00,8.87199425531161,50.03096060114587,461.9033281783906
2023-01-18 04:00:00,24.801852514103842,78.90487737081638,404.1340540823273
2023-01-18 05:00:00,-8.515022580368928,43.72052447742334,100.63396464758783
2023-01-18 06:00:00,19.018763268030767,47.889776002928386,157.62291810081925
2023-01-18 07:00:00,14.611695870352401,80.28576818532255,138.41087705227108
2023-01-18 08:00:00,4.542974743118524,70.06878983144982,305.38486048671876
2023-01-18 09:00:00,4.0535097828190505,67.69233870194611,313.72899795757763
2023-01-18 10:00:00,4.132813136238233,73.78510964730278,454.1188646982031
2023-01-18 11:00:00,20.565772263466584,46.541494977157036,496.99306748766116
2023-01-18 12:00:00,22.526607027136958,66.42139828860385,482.9013162628405
2023-01-18 13:00:00,-6.94940304588202,89.23572046983473,156.69079927166672
2023-01-18 14:00:00,-9.876069076456897,32.75027989329725,467.3918112772292
2023-01-18 15:00:00,28.324054186698266,39.62128284909202,453.7518032925608
2023-01-18 16:00:00,16.76512346899045,13.186666891995644,180.00918591783835
2023-01-18 17:00:00,9.268848675220474,72.03323767470552,239.04144541020628
2023-01-18 18:00:00,25.970224102244668,57.88024080713161,206.8313138995725
2023-01-18 19:00:00,11.89394160880839,71.25825144775676,384.99846240972676
2023-01-18 20:00:00,-1.9794844823540458,48.8423725889184,262.7702940876433
2023-01-18 21:00:00,5.561073563275936,53.04589257389587,354.0526084481279
2023-01-18 22:00:00,28.30679404467554,88.88472733139139,399.52594882291703
2023-01-18 23:00:00,2.080610113365741,33.953670374341414,280.6263562947792
2023-01-19 00:00:00,3.6341768459097517,25.828251834231324,101.71614569205367
2023-01-19 01:00:00,-1.8315030522722586,18.273495931678383,171.87873674406256
2023-01-19 02:00:00,25.91796260959611,88.62321914186161,386.1954528028427
2023-01-19 03:00:00,5.194550107186167,61.26607058582812,235.03073710092113
2023-01-19 04:00:00,-4.987301089003802,51.01464785413168,329.1505153877148
2023-01-19 05:00:00,25.076890757267766,52.66247749470281,332.90998583068955
2023-01-19 06:00:00,34.84829545815481,47.69755439627077,128.98855166229325
2023-01-19 07:00:00,-5.446167104010346,86.67476284423167,271.65142258693146
2023-01-19 08:00:00,1.537463297348357,38.247775133663595,294.01878226413123
2023-01-19 09:00:00,25.37991964453752,66.08064441392426,133.3130027458969
2023-01-19 10:00:00,34.221625988124906,55.762585863389134,467.87202271407943
2023-01-19 11:00:00,-7.643481243449662,63.91873613970234,465.5667463879493
2023-01-19 12:00:00,16.47971579649317,21.977106282827172,124.98619320411053
2023-01-19 13:00:00,3.6201069725751016,39.497217995703664,138.31786021221134
2023-01-19 14:00:00,-6.445187230549811,80.49709924488866,357.66801274302816
2023-01-19 15:00:00,24.57114243812042,79.2590665529778,392.1728240041736
2023-01-19 16:00:00,-6.202398217277821,24.214371817704574,443.62590737409914
2023-01-19 17:00:00,20.5659034693456,26.173030586534722,142.28002874618096
2023-01-19 18:00:00,12.901470922579346,70.42427453014416,343.4134476186357
2023-01-19 19:00:00,-8.343474219476473,36.2387027704558,448.6935213735244
2023-01-19 20:00:00,-4.732909912212238,19.699947338574173,206.9976926975758
2023-01-19 21:00:00,23.97652957332077,35.294456943141306,469.90115745921406
2023-01-19 22:00:00,21.067299810835475,45.12816266604222,283.4992607700204
2023-01-19 23:00:00,32.587496653796926,72.13476328340188,210.39525262820385
2023-01-20 00:00:00,3.3842246561590423,81.44856576375325,456.4813180537334
2023-01-20 01:00:00,-2.8465018936813102,35.187585379746416,321.4468938290013
2023-01-20 02:00:00,11.983765955044321,38.78802235764358,307.48618404340056
2023-01-20 03:00:00,9.983943624336872,11.017112473009671,149.3839135004719
2023-01-20 04:00:00,12.474023945767554,30.60033477450481,469.8100384117054
2023-01-20 05:00:00,16.945012301459133,68.71592181037839,222.61329357982459
2023-01-20 06:00:00,-8.984224308841885,61.184439190559054,446.1239193747229
2023-01-20 07:00:00,-6.297602500262583,82.34414741525998,202.55858467747757
2023-01-20 08:00:00,33.720927259791566,37.39247751717091,202.95976056108634
2023-01-20 09:00:00,-0.2218014307861993,10.927017140700821,230.37795831792508
2023-01-20 10:00:00,-1.771473534807273,67.44026078909465,403.59412454761883
2023-01-20 11:00:00,18.92246319662458,15.623825489052825,121.37630954012262
2023-01-20 12:00:00,29.21670681283883,28.321482055206797,279.39898101758746
2023-01-20 13:00:00,24.84667515968547,77.2205722856887,399.3105528022416
2023-01-20 14:00:00,9.500208603388439,53.01832830402155,263.02706959624015
2023-01-20 15:00:00,12.93373387459147,47.46619457688678,110.9110166278811
2023-01-20 16:00:00,10.658170411508033,35.74168707513867,111.96443075648195
2023-01-20 17:00:00,5.147531257333036,84.54510953341904,102.01404983953348
2023-01-20 18:00:00,14.588797776975381,73.36730535672687,255.52521219572722
2023-01-20 19:00:00,28.95115487986455,84.51670436679667,290.28836067373106
2023-01-20 20:00:00,28.897982464540505,34.22472991001275,373.86658131102865
2023-01-20 21:00:00,18.318443533681908,48.214244729373135,387.9441629625996
2023-01-20 22:00:00,-0.9853731215492512,44.700578836092355,432.6316197828717
2023-01-20 23:00:00,19.964007656500925,25.51201413812885,214.83272309698808
2023-01-21 00:00:00,9.483723222474557,38.49248598828375,486.1604400846552
2023-01-21 01:00:00,8.28778997623392,32.59040250096967,304.3106104979077
2023-01-21 02:00:00,17.200076041325197,12.807490323158381,374.62180900829344
2023-01-21 03:00:00,15.793604018240629,14.66641037844222,140.3055754547502
2023-01-21 04:00:00,5.718229406898442,48.11625635610805,308.1559071766344
2023-01-21 05:00:00,15.537286184160012,51.43348840776638,337.80125735848713
2023-01-21 06:00:00,21.90995041445533,76.03766241061274,255.80684780598227
2023-01-21 07:00:00,6.008159531803938,89.53524693490904,477.1696037584639
2023-01-21 08:00:00,26.220691139321342,18.70578334696522,389.5855985784157
2023-01-21 09:00:00,-9.776926089344142,62.61187004149495,430.1075456379825
2023-01-21 10:00:00,21.237815276594986,44.53733827455209,307.2821778038055
2023-01-21 11:00:00,12.318423880019811,72.42158696791702,379.4499906868209
2023-01-21 12:00:00,-2.8407115509331105,83.96778285408254,226.93200104692468
2023-01-21 13:00:00,14.451215748338786,20.790747303464244,119.64941547376671
2023-01-21 14:00:00,13.179398843320747,31.95455149010722,479.8241193993167
2023-01-21 15:00:00,-5.535650074329937,79.66112028831861,324.7117977700512
2023-01-21 16:00:00,23.405069690980856,77.48174057975999,197.42341665633094
2023-01-21 17:00:00,33.920754127858956,76.34179232791324,290.58924804510815
2023-01-21 18:00:00,31.770250754110965,69.17738068454291,443.23603471339266
2023-01-21 19:00:00,-0.6224211377326855,83.73539541922179,489.37569282302974
2023-01-21 20:00:00,-8.61838083779428,48.92426056187692,484.8784677048013
2023-01-21 21:00:00,12.955678142293623,57.70187482318356,356.7029078727238
2023-01-21 22:00:00,28.68041054945629,78.22226264280916,116.35146225768338
2023-01-21 23:00:00,25.472163844566026,23.708270832524985,152.93905956088585
2023-01-22 00:00:00,22.26169645221504,26.956692997637298,141.6415766598559
2023-01-22 01:00:00,14.306289974187713,10.85873300139931,338.57233632801666
2023-01-22 02:00:00,34.77976725220509,53.44796990332228,442.9230400699175
2023-01-22 03:00:00,10.564706075950228,86.42691919316835,416.5833910437939
2023-01-22 04:00:00,19.05779256114687,15.213013781092144,492.5120829235516
2023-01-22 05:00:00,28.273720355746757,11.68481576024826,469.73826581860834
2023-01-22 06:00:00,-9.348919316911797,83.14452142837483,432.2836305798427
2023-01-22 07:00:00,-0.650975561323966,24.096333898471407,347.25553387688774
2023-01-22 08:00:00,3.193482707716872,62.95417499815234,173.69186476641795
2023-01-22 09:00:00,17.86774580574182,59.19481450892553,353.55090188076576
2023-01-22 10:00:00,-8.601754913236736,49.13662679977821,403.41875529462186
2023-01-22 11:00:00,-4.49136524181923,82.32585162417939,126.93765749851794
2023-01-22 12:00:00,-7.339161289420588,67.76269170206452,489.2554422468957
2023-01-22 13:00:00,6.320896855435728,15.531307714588474,468.91364695361995
2023-01-22 14:00:00,-6.293903623721114,54.67022461799155,358.6274500493558
2023-01-22 15:00:00,20.16584990329849,66.81468073464421,117.68146455745719
2023-01-22 16:00:00,-5.010999834159339,25.919659432877697,462.263386672503
2023-01-22 17:00:00,0.3127259541377936,33.12498052696664,385.98465489003644
2023-01-22 18:00:00,-4.0146943327285,53.43914055568162,177.46622552662942
2023-01-22 19:00:00,-6.954912979024545,74.50132894361452,344.60031578041924
2023-01-22 20:00:00,27.85670117855832,35.29134582605771,451.7828544703406
2023-01-22 21:00:00,17.245174604526394,74.24704407629035,419.7022734746887
2023-01-22 22:00:00,9.593578062492163,46.526483392411336,415.0813549998652
2023-01-22 23:00:00,1.1948175470033284,46.98324414706862,169.69450457572654
2023-01-23 00:00:00,9.263010522527166,17.48554008129456,169.60935795151494
2023-01-23 01:00:00,22.818182115436855,57.168206612283996,417.53174784766327
2023-01-23 02:00:00,-4.580613998025866,28.506559473498818,300.2687141054934
2023-01-23 03:00:00,-2.864021192338582,66.94100105659723,135.4765198892716
2023-01-23 04:00:00,6.170541028724699,21.028394884348618,484.79767149896395
2023-01-23 05:00:00,11.708136762233101,61.114112067442825,304.6501269834423
2023-01-23 06:00:00,-7.044753995582884,25.792708655225578,485.83907545777487
2023-01-23 07:00:00,15.219432779814353,55.368695024150156,252.93183838325484
2023-01-23 08:00:00,-2.9024904955413104,56.71236759226525,199.86912489793923
2023-01-23 09:00:00,23.431483586063266,27.18829416934243,285.6805429367953
2023-01-23 10:00:00,21.184599447336126,21.628661175795187,124.60454991447159
2023-01-23 11:00:00,15.440233605233038,24.10882847411905,492.69304944347374
2023-01-23 12:00:00,-2.4107951266513474,75.19141376208358,360.7878873943589
2023-01-23 13:00:00,6.705341465792108,15.596334552236222,297.48642108508403
2023-01-23 14:00:00,-6.119328639813842,82.69699940389856,328.4959503084299
2023-01-23 15:00:00,29.025504611678894,57.70340954218965,131.55852129339678
2023-01-23 16:00:00,-1.953605206397897,67.48546770487079,483.14087727856014
2023-01-23 17:00:00,11.172698068469662,34.72263266916507,246.6961679390526
2023-01-23 18:00:00,-0.3790954989153261,59.93782226425764,375.63796666718054
2023-01-23 19:00:00,28.079120148769608,50.43854197208793,197.1864671548125
2023-01-23 20:00:00,-9.924410222609403,66.61081384132976,440.81325360495197
2023-01-23 21:00:00,-1.9210606919170776,22.120925146666437,198.8073447658498
2023-01-23 22:00:00,33.1140536234909,36.193790054199724,254.2302781923812
2023-01-23 23:00:00,15.561201408059985,37.357747905050296,214.339665120981
2023-01-24 00:00:00,4.281080245421036,66.99710216811403,206.87269295110283
2023-01-24 01:00:00,8.270920498120592,56.06605386317523,287.20335761986655
2023-01-24 02:00:00,24.50078930409586,36.27352685832483,325.4748982026201
2023-01-24 03:00:00,-6.160902346905284,35.41259317961515,143.61766510388918
2023-01-24 04:00:00,32.1246380876537,18.362996994891986,365.6703748532037
2023-01-24 05:00:00,32.221308487095726,82.71156566586212,127.1124871980295
2023-01-24 06:00:00,18.540012759515356,51.8582816091034,241.31909814973685
2023-01-24 07:00:00,9.733917362653584,36.126049653311334,305.5927430834279
2023-01-24 08:00:00,0.6918822126277208,16.037889289534675,282.94564642111027
2023-01-24 09:00:00,31.85314258500212,18.534962388620457,465.57305034371944
2023-01-24 10:00:00,30.007863150458196,81.6862283979153,194.57063837660885
2023-01-24 11:00:00,10.012898289422953,88.80912785928845,155.04932646024295
2023-01-24 12:00:00,7.853499797490896,25.54411511891412,390.96886549295505
2023-01-24 13:00:00,11.516433898238887,61.69798990203539,163.47625366118262
2023-01-24 14:00:00,30.169691621056305,38.23466753648434,277.3654444299848
2023-01-24 15:00:00,20.206814238189903,16.303361797038782,262.68274117750076
2023-01-24 16:00:00,-8.960965597191187,64.78141186338507,478.60757131340574
2023-01-24 17:00:00,26.471862160620496,24.978158160136623,133.12945544686988
2023-01-24 18:00:00,18.30338403938691,31.85225922650251,408.3919038169391
2023-01-24 19:00:00,-6.262519007893315,24.405721578250905,426.4203505543995
2023-01-24 20:00:00,19.938993038643236,35.33602518691251,226.72641987635282
2023-01-24 21:00:00,-8.33217879154146,32.0919442955832,199.86631066893565
2023-01-24 22:00:00,32.381191476128244,25.10199858712084,239.1513932774672
2023-01-24 23:00:00,10.365239151017171,21.216610873344976,494.10838138631664
2023-01-25 00:00:00,17.80223841169326,62.132279981864826,375.1365315590422
2023-01-25 01:00:00,31.846511625950136,52.885575766023365,454.0095923042564
2023-01-25 02:00:00,11.743740862945973,56.57583088416921,171.42212626296006
2023-01-25 03:00:00,-1.9934017012700949,82.49539606089516,380.8844495816686
2023-01-25 04:00:00,10.376704643281307,49.38904345768896,224.0136940406215
2023-01-25 05:00:00,14.31607540034979,20.190245232632922,356.49284728743635
2023-01-25 06:00:00,7.890398730163541,86.16955043070861,440.5504604908392
2023-01-25 07:00:00,-7.084427848134572,86.15295632200703,245.56849717262085
2023-01-25 08:00:00,-7.414649170980466,73.12079861773121,180.10638355348246
2023-01-25 09:00:00,34.68913894217601,26.52754211214659,395.50770072599505
2023-01-25 10:00:00,17.79267669711827,17.733313836658297,224.99746208926905
2023-01-25 11:00:00,-2.093146795415746,55.70952725383883,378.089949210001
2023-01-25 12:00:00,-4.14241938931389,29.733983892221147,180.81417031548867
2023-01-25 13:00:00,29.86902928331201,16.201387925085324,368.63960531169636
2023-01-25 14:00:00,10.634460793233796,10.74650587107973,448.2186157763474
2023-01-25 15:00:00,20.751587567154473,67.79415995922567,174.73868489765175
2023-01-25 16:00:00,28.830406625076456,29.040353185450947,438.49867382783015
2023-01-25 17:00:00,-2.6360670526430665,24.775021120676854,477.8786300861406
2023-01-25 18:00:00,24.410558492324103,14.384364019125915,210.46560774781642
2023-01-25 19:00:00,12.842889961278798,12.737198477573743,221.17477612024481
2023-01-25 20:00:00,5.733338467463639,59.64704139406227,489.6044215239965
2023-01-25 21:00:00,30.399125173612855,48.2796720426602,295.72698976766503
2023-01-25 22:00:00,27.926647542146856,49.8583388237542,289.4194228720306
2023-01-25 23:00:00,-0.8448952801325882,49.47718094720824,374.79574715079195
2023-01-26 00:00:00,23.896434409411196,88.75101723117562,124.71986946194184
2023-01-26 01:00:00,30.212574457554727,14.052144838648397,408.298172060246
2023-01-26 02:00:00,28.864880744987286,42.469282316922886,186.52550115621324
2023-01-26 03:00:00,24.120494113604025,73.72408790934654,332.8614559579279
2023-01-26 04:00:00,31.257814428072138,19.886803503362813,404.0117639187039
2023-01-26 05:00:00,5.485790297913073,85.31057463994426,332.42134072767954
2023-01-26 06:00:00,-3.2189443783584832,80.10288047307861,321.4737536552366
2023-01-26 07:00:00,0.47407253529183013,28.205433782654545,491.6039316213262
2023-01-26 08:00:00,9.828970281987942,37.54711669800709,445.9449538296892
2023-01-26 09:00:00,24.55606074129083,51.536340139058424,404.16080769628263
2023-01-26 10:00:00,21.962993332982276,28.08871504545783,222.36636398653627
2023-01-26 11:00:00,16.755250880228445,51.52245172761279,431.4358393945922
2023-01-26 12:00:00,14.813127435776037,14.006778766480013,472.46098942027226
2023-01-26 13:00:00,21.357412199769357,76.34878393593466,229.48975387605546
2023-01-26 14:00:00,31.37942042016225,45.472931163149035,429.0465254773684
2023-01-26 15:00:00,12.039380894155014,62.29598279160376,348.92915041674325
2023-01-26 16:00:00,-7.108474646636424,74.97331408387939,149.66016519254129
2023-01-26 17:00:00,33.10459936918824,66.23223650697565,120.53000118015791
2023-01-26 18:00:00,14.029143978788222,47.67199746216491,393.8768705267199
2023-01-26 19:00:00,-4.367217598779213,31.12855627122361,232.03710657171092
2023-01-26 20:00:00,32.5654460739135,14.933143180362194,246.67347081680074
2023-01-26 21:00:00,25.332235703678858,26.383961929379662,408.43970099310593
2023-01-26 22:00:00,31.8573412495004,58.92829351016361,458.07955147222054
2023-01-26 23:00:00,13.31816165912296,57.709749423749834,482.61631892310146
2023-01-27 00:00:00,12.453931323823598,84.37515608210718,169.5485802873623
2023-01-27 01:00:00,29.25002781263479,67.74104069383662,326.71182240020715
2023-01-27 02:00:00,3.4123032903139534,64.09453917519345,259.6457399891148
2023-01-27 03:00:00,10.676018208455435,82.12886097507764,175.69585846188605
2023-01-27 04:00:00,25.835128807080597,25.419441695042053,161.181331992228
2023-01-27 05:00:00,-8.544104934424263,59.103823458241976,347.84125435950597
2023-01-27 06:00:00,-1.2190780626604936,58.00739807802906,434.5130364300263
2023-01-27 07:00:00,-0.7054863868227207,38.405246261067816,291.55778711486755
2023-01-27 08:00:00,-0.21118216171875315,22.07731243591569,128.6917290707716
2023-01-27 09:00:00,7.00112714411149,14.835217135021379,103.57775119167086
2023-01-27 10:00:00,-3.4232639220063277,35.479659821779464,226.840744174625
2023-01-27 11:00:00,26.823473627083775,76.27422654827616,200.12127146955868
2023-01-27 12:00:00,-1.3786006950836,22.19664470654194,307.72509095138594
2023-01-27 13:00:00,-9.691812827751185,79.43226221414366,340.3348376611421
2023-01-27 14:00:00,-5.6500410683162325,68.31884563906405,277.5667031999228
2023-01-27 15:00:00,-2.2714077636992864,53.310398767633785,434.6415473400192
2023-01-27 16:00:00,31.01112067003587,29.365503220291007,295.94164233238354
2023-01-27 17:00:00,23.502405547934515,68.47011957916439,248.645751363606
2023-01-27 18:00:00,-2.3863041296911254,82.59538602787114,115.7376721972248
2023-01-27 19:00:00,-4.183144937006753,11.343759944442144,232.71862314766375
2023-01-27 20:00:00,-0.5529861094315558,87.834777234517,379.53799420584005
2023-01-27 21:00:00,0.5212202993772957,45.070895051491455,149.32965897037676
2023-01-27 22:00:00,7.122035198353936,76.43420388463613,407.76288159808587
2023-01-27 23:00:00,22.824408179839853,60.36163945012687,417.30099679820364
2023-01-28 00:00:00,-7.952201269907838,80.77329441075238,246.03730861453909
2023-01-28 01:00:00,23.666034643314756,31.76695458570145,432.8661087793328
2023-01-28 02:00:00,0.4230742555563466,23.97050941444639,329.75269916616077
2023-01-28 03:00:00,-2.1209459904024177,45.785342022063304,476.2235714917195
2023-01-28 04:00:00,30.83148655414165,82.18486084193799,485.8726379305195
2023-01-28 05:00:00,12.392586507484221,40.49417712181561,482.4139760897979
2023-01-28 06:00:00,9.595579850489788,55.615151805269996,264.8228126355009
2023-01-28 07:00:00,33.19675126606085,18.24490845446516,219.0194718733597
2023-01-28 08:00:00,24.59365804966306,82.17527374861832,181.04570570048227
2023-01-28 09:00:00,-6.50376447104409,40.93321054075939,143.10893735448326
2023-01-28 10:00:00,32.81603006008947,85.45956244538732,412.96963703500154
2023-01-28 11:00:00,10.406408544336122,70.57290290100015,465.5142655570763
2023-01-28 12:00:00,4.231902929515511,72.03145456181625,473.4391971306612
2023-01-28 13:00:00,28.671136691667975,18.0686649368148,263.92418523674826
2023-01-28 14:00:00,14.875833847289698,41.73686467684698,487.3571836655771
2023-01-28 15:00:00,-9.74038530253875,30.729275404715672,468.5512243247933
2023-01-28 16:00:00,20.134941844295717,24.315828934416153,243.72642888387483
2023-01-28 17:00:00,1.2555832327647465,41.06744377831974,146.4089895616567
2023-01-28 18:00:00,14.538787183863684,26.733718728865867,268.2683174691443
2023-01-28 19:00:00,26.71637372990412,35.45350159896109,179.74961401676964
2023-01-28 20:00:00,8.395741344632354,64.96298892649583,438.76589327284347
2023-01-28 21:00:00,16.491774695736183,11.964610827002149,242.5292020364866
2023-01-28 22:00:00,34.53038021640927,75.98372852485159,146.56270136682133
2023-01-28 23:00:00,12.781514811511773,24.043625750663836,444.68227931828324
2023-01-29 00:00:00,27.80519464223602,38.39205344418171,139.98409893177558
2023-01-29 01:00:00,13.640068048490091,58.19108970491133,211.94568843646704
2023-01-29 02:00:00,24.411995894083937,27.100785601842176,262.47569834062836
2023-01-29 03:00:00,10.567844723447028,46.70392301662821,189.37987260989263
2023-01-29 04:00:00,26.93695234973104,77.90263410343984,234.61386482792156
2023-01-29 05:00:00,32.65247948405407,74.74288030457792,445.37964686779685
2023-01-29 06:00:00,8.471655874328286,29.305713136200417,408.2934888529031
2023-01-29 07:00:00,21.579357674291824,15.707256262746663,127.35390727084726
2023-01-29 08:00:00,33.40871337348544,49.62282843507326,332.3538498879791
2023-01-29 09:00:00,10.44422835610588,88.21075840952727,329.68703205929233
2023-01-29 10:00:00,-7.676860232326574,81.102589669822,100.24308289792452
2023-01-29 11:00:00,32.014725989953554,22.98791972125307,366.7840514894212
2023-01-29 12:00:00,4.460908897913243,78.08437420244863,174.17545074339964
2023-01-29 13:00:00,23.974344158623712,60.732182821332884,477.52669974106374
2023-01-29 14:00:00,27.61642589619397,15.362904731072593,424.82943976228154
2023-01-29 15:00:00,-5.896944143863328,85.61957281776978,481.75431504930316
2023-01-29 16:00:00,9.651812674351584,80.55865114920758,398.5570800303675
2023-01-29 17:00:00,32.82044249865367,21.849462750298656,438.872182007421
2023-01-29 18:00:00,24.077546266430165,43.05077029798747,394.46379523898963
2023-01-29 19:00:00,-9.085732967290658,83.04510755846623,169.24900864258757
2023-01-29 20:00:00,20.92759539792477,24.1540419014272,364.7897705338937
2023-01-29 21:00:00,16.07053499516575,77.15589646276393,100.45814644688673
2023-01-29 22:00:00,22.26819932111942,50.07104915093164,428.8710426045867
2023-01-29 23:00:00,21.51644499838412,64.98131580328727,182.10176762331264
2023-01-30 00:00:00,-8.477647303082435,73.88091835073924,465.1774955156466
2023-01-30 01:00:00,32.21033630584777,84.6749542470623,420.299701449352
2023-01-30 02:00:00,23.81687789421849,78.54068339775719,157.63934947521122
2023-01-30 03:00:00,15.828298855060174,35.906498583979776,342.14691569236425
2023-01-30 04:00:00,32.50883640237667,26.368634638810722,132.49481577710083
2023-01-30 05:00:00,6.236278134819156,88.36209844677101,328.13444342245197
2023-01-30 06:00:00,32.00599856425749,59.015120366142426,140.37460536580414
2023-01-30 07:00:00,18.839735456050825,42.803628909321304,226.1144734943378
2023-01-30 08:00:00,1.3480664019447453,11.093079644868897,166.1680493722289
2023-01-30 09:00:00,23.150947840328897,10.38688534309503,232.37738810568095
2023-01-30 10:00:00,20.155784909363998,19.446935573641547,354.6308369552387
2023-01-30 11:00:00,10.520589722841313,26.684364387400414,201.04551870460296
2023-01-30 12:00:00,-8.083377743200346,36.43802869380931,225.629238311162
2023-01-30 13:00:00,31.248880122346698,74.78298600356277,310.8375675927676
2023-01-30 14:00:00,19.491273754727107,87.83389717373727,122.3666990113863
2023-01-30 15:00:00,16.365174992614175,66.35971192742896,489.5228280413555
2023-01-30 16:00:00,7.034770316608903,49.13573477442904,406.21108961755306
2023-01-30 17:00:00,33.09260361136792,72.96386003602998,293.6075202489729
2023-01-30 18:00:00,32.76050500988885,55.14985399865878,207.16449132773386
2023-01-30 19:00:00,26.26508388880297,70.41580861221041,159.16727280981598
2023-01-30 20:00:00,5.747826588731032,76.96752753628232,359.47040757289244
2023-01-30 21:00:00,14.75279672269353,71.62658796766395,315.6688155392734
2023-01-30 22:00:00,-1.239852727571638,74.90566646996174,286.017391761434
2023-01-30 23:00:00,6.322593454054467,89.46028026789368,167.17322571764686
2023-01-31 00:00:00,19.078931300621967,58.210723892699605,120.18727441522618
